customer_id,age,total_num_items,total_transaction_total
35540,19,37,320.98999999999995
21978,21,63,224.72
8775,20,31,237.56
17411,20,46,227.44
8488,19,41,283.57
38055,18,46,288.03
30908,21,49,285.48
48763,21,33,353.79999999999995
29275,19,16,175.93
34626,21,33,210.89999999999998
7627,18,27,119.08
19298,18,84,646.1000000000001
40390,18,40,395.39
749,19,16,311.14
752,20,61,404.42
47863,18,18,137.72
17485,19,53,289.54
8303,18,62,455.87
914,18,71,313.78000000000003
5474,19,60,546.41
38444,18,95,526.02
42345,19,45,268.64
2603,20,85,388.96000000000004
19926,18,42,351.48
46788,21,25,77.10999999999999
11158,21,77,450.37
16161,20,51,229.84
38520,21,67,353.76
29443,21,25,154.32999999999998
25515,18,59,443.09999999999997
1840,18,14,191.61
520,19,19,214.10000000000002
43271,18,16,93.1
39744,18,76,406.14
4866,21,39,244.19
14117,20,69,355.04
24471,21,43,197.47999999999996
2863,21,32,235.32
40264,18,47,208.48
28822,19,31,150.61
6941,19,42,220.35
14686,18,38,322.01
48982,21,14,193.0
1635,19,22,52.27
15357,18,27,262.34000000000003
10213,19,26,190.61
26068,20,83,349.26000000000005
36126,21,44,194.88
8514,21,9,96.39000000000001
1681,19,18,180.16
9362,20,59,381.39000000000004
13182,19,13,139.19
16351,20,67,579.42
23036,20,35,280.0
12019,21,62,433.92
13149,18,46,381.68
28977,21,68,318.88
42008,19,27,330.62
45849,18,40,241.39000000000001
248,20,51,313.66
5710,20,33,154.8
15166,18,29,210.46999999999997
27202,18,53,540.08
22037,21,41,343.67
35617,18,51,242.95000000000002
41718,18,34,272.95
39092,21,61,407.64
17518,19,43,480.6
4163,19,44,292.59
23213,19,27,231.96999999999997
25015,19,59,284.91999999999996
35975,21,30,313.45
3570,19,37,224.02999999999997
35734,20,38,239.64
46114,21,38,359.66999999999996
31065,20,34,295.53000000000003
25613,20,61,319.94000000000005
1019,20,41,467.75
41026,21,50,374.92
36104,18,37,203.73000000000002
29761,19,56,519.89
2785,18,26,219.81
23195,18,54,306.34000000000003
37051,19,50,465.22999999999996
16479,19,33,199.07
45941,18,83,461.09000000000003
12413,21,33,275.64
1163,18,45,424.74
12716,21,21,71.78
46952,18,14,239.3
47988,19,84,481.42999999999995
6689,21,27,133.85999999999999
7474,18,48,323.34
32353,18,41,281.60999999999996
6707,21,49,179.75
40781,19,69,407.70000000000005
7867,19,36,224.47999999999996
19686,20,51,346.96999999999997
35300,19,47,173.42000000000002
38261,19,32,225.54
18755,20,34,237.34
24741,18,6,90.91
9174,20,41,269.9
26389,20,31,297.77
32544,18,63,485.91
4177,19,62,294.53
46904,21,6,93.15
30978,19,48,407.37
2038,19,11,104.85999999999999
1534,18,53,336.43
48533,18,39,186.41
1564,20,36,292.25000000000006
25284,21,10,242.90000000000003
29680,19,54,486.01
19865,19,7,61.89
27147,21,59,346.3
8733,20,47,372.13
26680,19,25,160.95
44486,18,39,404.89
6263,19,40,290.28000000000003
46081,18,20,110.75999999999999
3538,20,34,220.85999999999999
26582,20,82,380.52
43310,20,32,216.8
49359,19,71,463.65
37156,18,26,222.8
17827,21,30,252.10999999999999
24184,20,53,420.31
8932,19,4,113.45
38820,18,43,425.46000000000004
5555,20,46,323.97
14286,19,55,442.47
19414,19,49,197.92
47565,18,39,274.43999999999994
45916,19,19,237.73000000000002
10914,18,86,459.09000000000003
48336,21,29,281.34000000000003
10115,21,22,134.46
33085,19,22,220.94
42754,19,22,246.54
40069,20,47,236.88
39146,18,13,190.93
36278,18,58,428.74
23312,18,55,394.49
9866,21,25,232.36999999999998
23340,19,58,347.70000000000005
32421,20,65,351.45000000000005
9705,21,56,444.12999999999994
15769,21,35,227.92
48721,18,55,290.31
46129,21,39,307.77000000000004
20920,21,70,324.61
43827,19,20,101.57
45389,18,80,457.73
41150,21,75,463.95000000000005
13001,20,76,322.8
46319,20,47,335.81000000000006
29270,21,52,245.48000000000002
48994,21,30,295.67
2985,21,50,246.95000000000002
12859,20,54,411.22999999999996
11415,21,37,269.15
25818,19,41,390.06999999999994
25868,21,21,210.38
48204,19,71,455.09000000000003
37935,19,24,342.60999999999996
8780,19,70,358.55999999999995
6936,18,45,340.30999999999995
37970,19,66,328.38
40550,21,62,375.96999999999997
38404,20,9,137.79
27502,21,19,211.76999999999998
37538,19,25,171.59
8731,21,36,370.63
33243,21,37,211.46
33020,20,16,141.93
25113,20,18,224.87
2206,18,23,181.5
14140,20,34,203.49
29158,21,30,203.87
16974,19,33,176.32999999999998
31038,18,44,240.14
11345,18,35,349.0
19629,20,61,434.26
15718,19,63,436.7
26530,19,81,616.38
19789,19,63,551.44
18665,21,55,485.94999999999993
47825,19,15,258.59
42519,19,36,303.26
20829,21,56,486.66999999999996
29220,19,39,261.32
8033,20,7,141.92
42044,18,21,180.77
36266,20,50,250.95
21575,18,34,245.75
16023,20,81,626.22
16107,21,57,398.67
35927,18,43,432.40000000000003
31536,18,51,416.57
9757,20,62,461.19
26650,18,82,407.56
9553,19,48,384.14000000000004
49231,20,43,343.08
6240,20,32,345.93
26151,20,84,597.9399999999998
37689,18,66,533.1500000000001
26089,21,24,274.04
23494,21,27,121.22
6711,21,40,361.95000000000005
20503,19,18,315.61
3261,21,77,377.71000000000004
1430,21,33,271.74
6586,20,30,217.23
39904,18,57,380.71
23686,20,49,282.98999999999995
24695,21,44,195.01
8097,20,69,517.27
28062,18,23,364.47999999999996
36320,19,41,291.45
35941,19,46,378.9
35377,19,64,345.63
15697,19,24,163.26999999999998
33825,20,14,119.46
15981,20,16,148.36
20572,19,44,286.57000000000005
9835,19,44,345.23
7817,18,74,620.02
48227,18,40,257.15
4312,21,44,145.45000000000002
14810,21,41,266.77
28564,20,49,408.71999999999997
47514,19,86,442.21000000000004
21845,18,13,39.04
2269,18,71,502.51
49886,18,28,173.79
44047,19,81,612.4900000000001
37102,20,31,248.32
34128,19,82,533.98
31277,21,38,346.77
37923,21,41,201.68999999999997
45599,18,35,115.92
22929,19,46,275.37000000000006
46802,19,49,463.85999999999996
35413,18,68,333.95
35930,21,50,357.65
31734,21,14,127.82
24311,21,27,190.32
20546,20,66,474.15000000000003
5777,20,31,370.78000000000003
45437,18,24,164.95000000000002
20846,18,20,255.92000000000002
45348,21,61,364.76
22206,21,37,328.76
48875,19,74,640.7299999999999
15394,18,36,376.73999999999995
23761,18,54,303.71000000000004
17236,21,18,165.89
47168,18,42,252.34
29868,18,95,570.35
41991,18,39,275.49
15157,20,68,393.68
36057,20,39,398.56999999999994
39621,21,44,215.97
4914,19,41,395.19
22560,18,77,506.40999999999997
25525,21,42,277.02
27924,21,88,351.84000000000003
13843,20,36,269.33000000000004
33759,21,18,87.03
11003,20,43,257.19
9429,20,38,443.11
33555,20,22,128.62
41971,20,2,23.04
17556,21,73,472.73
36607,18,51,296.14
34843,20,36,318.33000000000004
37283,21,20,225.19
1864,20,14,115.00999999999999
28227,20,14,186.94
20649,19,41,286.65999999999997
25814,21,47,260.84
43743,18,31,287.39
44067,20,23,105.44
21415,21,48,355.70000000000005
23010,21,28,264.97
27415,19,54,223.1
7080,21,30,202.83
34820,21,63,407.03000000000003
35533,20,38,222.36
24158,19,12,46.32
42187,20,11,230.91000000000003
37916,20,34,354.67999999999995
5,21,54,363.14
6271,20,41,151.99
42925,18,38,240.67000000000002
14970,19,26,120.9
14572,18,34,368.88
43089,21,78,443.27
15976,20,24,246.83999999999997
4336,18,49,217.33
37306,19,51,241.07
6947,20,75,363.77000000000004
9261,19,20,288.26
27093,18,58,547.4300000000001
5230,18,58,241.65000000000003
5218,20,75,557.62
32359,18,61,538.47
25987,19,80,480.15999999999997
30315,20,43,320.04
21291,19,29,208.18
19728,18,55,440.99000000000007
30047,19,45,279.64
37356,21,35,241.95000000000002
45191,20,19,130.01
46590,19,33,370.02
9465,18,69,480.82
350,20,14,101.19
34417,20,22,377.96000000000004
30744,19,30,193.06
29828,20,50,298.0
37343,20,45,319.19000000000005
8190,21,33,237.99
47135,18,57,225.20000000000002
25447,19,23,190.95
48906,20,25,147.98
47177,19,28,183.24
43626,20,61,405.64
3208,19,40,273.71999999999997
18124,19,19,201.53
14639,18,30,169.46
27,18,19,261.96999999999997
35144,18,24,293.9
23299,19,58,302.83
9907,19,36,235.41000000000003
27397,20,42,270.73
48613,20,18,88.11999999999999
23071,19,37,331.21
41765,21,67,665.6
2259,19,70,491.09
28337,21,22,166.35
15917,21,48,244.77999999999997
5998,21,36,188.16000000000003
7370,18,15,57.19
24569,18,38,300.4
266,21,38,150.47
28489,21,74,447.45000000000005
47733,18,16,92.89999999999999
10009,20,31,266.78
8464,20,61,423.84
5164,20,56,440.11
44680,20,60,282.72
33586,18,82,418.84000000000003
19337,19,13,209.12
42226,21,62,295.88
18497,19,37,367.33
39102,19,57,326.97
6648,20,29,116.60999999999999
18924,18,17,136.75
23762,20,47,135.9
20286,19,55,368.14
34532,21,41,232.04000000000002
454,19,44,184.82999999999998
19992,19,71,456.12000000000006
35347,21,81,664.9799999999999
28817,21,27,222.56
28916,20,51,292.37
38057,18,10,70.4
25258,19,29,315.21000000000004
16439,19,80,397.73
43784,21,40,365.18000000000006
16079,18,28,43.0
25597,20,59,241.70000000000002
16603,21,49,247.64000000000001
33059,21,8,55.26
3798,21,47,347.11
8766,21,37,157.85999999999999
5683,21,8,209.86
1280,21,78,668.2
23070,21,62,509.23
9647,18,61,233.7
18891,20,15,83.5
11116,20,56,514.39
32615,21,68,450.86999999999995
38356,21,60,277.38
31302,21,107,536.6700000000001
21276,19,32,245.48
16472,20,25,114.27000000000001
14149,20,67,533.9300000000001
43499,20,65,298.67999999999995
35511,18,39,355.84000000000003
11777,18,38,411.94
27716,20,49,444.90000000000003
7299,20,15,99.22
35452,21,31,252.76
19647,21,22,107.48
33459,18,70,382.65999999999997
24207,19,42,350.0
14629,19,8,41.72
4596,19,37,230.74
6905,19,26,180.97
43338,21,11,92.61
29166,20,94,478.42999999999995
24359,21,57,421.93000000000006
34024,20,22,101.42
8564,19,56,304.31
10973,18,25,135.23000000000002
13819,21,79,536.9599999999999
21416,21,65,514.74
42161,18,47,352.37000000000006
8910,19,102,745.9100000000001
5661,19,29,198.93
42626,19,69,414.42999999999995
3066,20,28,138.17
6128,21,58,466.48999999999995
37361,20,26,171.29000000000002
39653,18,73,345.78000000000003
37758,20,15,55.42
10102,20,29,49.82
16815,20,60,295.02
8140,18,24,156.36
48146,21,8,41.77
29436,21,36,401.33000000000004
31496,20,25,219.49
5266,21,42,291.27
37153,19,46,385.5
44755,20,33,411.40999999999997
17901,21,8,38.69
6373,20,26,79.2
13072,19,35,363.07
21779,18,45,230.67000000000002
4306,19,26,122.07000000000001
46379,19,53,325.71000000000004
48620,18,39,204.87
13959,18,16,185.76999999999998
17170,19,61,414.63
33904,20,50,192.71000000000004
26075,18,36,479.51
19762,20,14,137.13
18084,18,47,364.29
25166,21,43,203.76999999999998
13935,20,57,316.74
32512,20,37,293.34000000000003
34877,20,65,309.46000000000004
10259,20,20,170.53
21786,21,62,430.49
44319,20,21,178.45
36022,20,47,124.44
36085,19,68,269.78000000000003
26118,18,37,159.39
36151,21,43,234.87
10294,19,66,348.83000000000004
13106,21,66,424.21
12472,20,43,275.08000000000004
46762,20,13,39.04
7505,21,35,257.47
36789,20,62,327.76
30196,19,10,244.88
9075,21,87,640.8299999999999
1676,18,29,172.87
44177,20,10,218.65
10824,21,62,274.98
37767,18,67,335.3
47362,21,55,442.66999999999996
21865,19,16,213.88
38095,21,35,404.2
48466,18,25,220.69
5309,20,63,398.03
34943,19,24,171.79
48660,21,48,335.53
23390,19,64,264.96999999999997
16104,20,21,188.28
21766,19,31,306.31999999999994
34047,20,20,168.61
37272,20,76,465.47
36336,19,49,162.97
11904,19,29,264.83
12327,18,83,445.42999999999995
16584,19,43,245.44
10576,19,72,532.59
36510,19,36,324.78000000000003
26937,20,64,269.83
25394,19,46,485.79
19756,20,40,259.13
47628,19,35,438.41999999999996
4935,19,42,347.04999999999995
10964,19,39,325.37
32913,19,47,248.09999999999997
49397,19,30,226.94
13698,20,33,350.09000000000003
5548,18,37,201.06
21960,19,49,152.16
5986,18,39,272.46000000000004
48897,19,50,212.5
38394,20,32,328.69
10436,20,39,388.59
34472,18,38,322.82
43242,19,18,155.7
43047,21,42,165.03
9999,20,95,646.96
8342,18,54,206.65
31346,21,32,191.12
1860,18,24,219.17000000000002
22530,19,37,193.38
20788,18,43,278.03
24609,21,46,221.82
22921,20,29,120.3
17132,19,81,645.6899999999999
6915,19,22,82.5
5374,21,64,282.58
10897,19,16,304.87
9761,19,30,192.42000000000002
579,18,1,61.5
31491,18,44,308.54999999999995
9058,19,33,195.57
30115,19,30,316.28
9884,19,15,117.41
43592,18,51,398.78
3905,21,26,188.49
36227,21,26,203.48999999999998
22298,20,44,189.84000000000003
1589,19,36,392.03000000000003
13497,21,26,270.2
12617,21,31,320.29
23096,20,11,153.45
30181,18,52,244.47000000000003
36077,20,48,273.05999999999995
21320,19,39,225.92000000000002
16926,21,49,350.29
4783,19,56,339.05999999999995
39572,18,24,132.67
10453,18,28,190.57
19240,18,45,419.11
14423,21,48,188.26
38741,19,29,176.29000000000002
11245,18,59,423.99
10831,18,45,489.87
21650,20,66,470.69999999999993
20197,20,67,315.25
14976,20,40,195.37
37265,18,62,492.27000000000004
30476,18,23,172.91
16805,18,45,246.53
26533,20,52,321.15000000000003
48858,20,33,278.03000000000003
35364,20,38,426.40000000000003
11588,20,58,350.7
15894,18,76,446.77
22945,20,38,233.57999999999998
20139,19,36,107.55999999999999
20688,19,73,504.08000000000004
1893,19,30,347.91999999999996
15587,18,8,31.6
45380,21,29,222.43
1444,19,28,270.06
40025,18,50,295.64
7879,21,16,206.28
35133,18,50,345.52000000000004
40589,20,22,322.42
1636,20,36,213.59999999999997
41989,19,83,392.22
7091,20,66,281.34000000000003
48384,18,31,220.37
39320,18,36,218.63
15086,20,30,192.05
31856,21,74,609.55
1075,20,18,87.17
31975,20,66,454.75
36611,21,34,330.18
32192,18,49,379.21000000000004
40868,20,24,216.2
35805,18,23,170.53
736,19,26,182.77
29793,19,14,98.9
47459,21,35,304.26
47026,20,54,422.60999999999996
37413,20,39,317.67
21662,21,61,469.14
14693,21,13,73.21
35350,18,51,423.96000000000004
5597,18,43,364.58000000000004
20361,19,49,254.31000000000003
22574,21,55,349.26
28908,18,67,475.93000000000006
10960,19,31,174.18
46525,21,48,245.93
26778,20,18,342.08
8119,20,30,413.19999999999993
41136,20,22,358.89
17539,21,57,468.83000000000004
6103,20,48,298.12
16703,20,32,274.07000000000005
47291,21,80,443.34
35005,20,37,116.25999999999999
39972,21,29,227.06
45686,18,48,205.91000000000003
13047,20,53,404.10999999999996
15688,21,17,185.20999999999998
18224,20,52,179.68
48831,19,42,221.54000000000002
11429,19,52,404.95000000000005
7692,21,48,232.82
1997,18,52,226.45
755,21,39,243.45
21350,20,59,263.46
4334,19,54,247.53999999999996
25730,18,49,341.45000000000005
15790,18,59,485.03
42053,19,58,397.32
11327,18,49,275.71999999999997
7580,20,63,334.71000000000004
41344,21,53,456.35999999999996
49180,19,37,379.81000000000006
7160,21,32,247.54000000000002
24039,20,13,142.38
38034,21,102,549.05
49205,19,49,440.16
24502,20,40,357.16
19342,19,29,282.1
5090,20,31,231.84999999999997
12944,19,84,478.00999999999993
9361,19,15,132.57999999999998
46401,19,14,220.25000000000003
530,19,30,218.18
10832,21,37,310.54999999999995
49813,21,24,307.04999999999995
2877,20,29,148.51999999999998
6724,19,8,123.69999999999999
18092,20,71,553.57
44750,20,36,446.84000000000003
19662,18,36,173.30999999999997
48152,20,42,54.06
33335,21,41,189.98000000000002
37480,21,91,548.9200000000001
42334,18,37,157.2
15238,19,63,356.21999999999997
38698,19,79,414.36000000000007
13991,19,40,359.5
10983,19,11,75.34
32476,21,21,141.91000000000003
47106,19,36,334.16
14729,18,56,388.55
17857,18,40,162.15
10752,21,12,141.22000000000003
4196,21,15,143.32
28491,21,69,503.4799999999999
41125,19,49,420.17
3003,20,47,233.32
42647,18,67,305.67
13735,19,58,445.10999999999996
20522,21,26,219.92
11958,19,47,250.31
3283,20,32,236.83000000000004
8240,19,50,267.55
34465,21,41,363.46000000000004
11242,19,24,176.01999999999998
24408,20,45,383.73
13066,18,57,272.68
47972,18,92,504.5799999999999
43347,20,38,399.84000000000003
11791,21,47,359.24999999999994
14288,21,87,843.6800000000001
7407,20,16,85.36
36557,18,49,254.07999999999998
26512,21,52,309.75000000000006
48802,19,38,324.54999999999995
49804,21,48,288.71999999999997
40409,18,8,88.28
8965,19,28,233.74
1141,19,67,289.93
23588,21,50,349.97999999999996
27610,21,51,291.8
48968,21,44,647.9000000000001
4436,18,29,141.13
14581,18,6,34.57
2247,21,28,310.65999999999997
28853,21,38,190.29000000000002
10346,18,66,570.53
45611,20,44,258.70000000000005
3215,19,30,218.94
25079,21,128,1008.66
31686,19,49,179.74
32937,18,75,336.8
35755,21,69,430.8999999999999
32959,21,41,427.21
47958,20,40,198.73000000000002
22234,19,20,150.32999999999998
7701,21,74,325.02
18488,21,13,44.24
26849,19,13,66.91
15078,19,26,257.84
6868,18,32,145.95
15788,19,21,344.35999999999996
11720,20,32,152.95999999999998
1650,21,21,199.46
36195,19,52,377.14
6006,21,54,425.48
22373,20,62,405.71999999999997
10967,18,40,152.97
2522,18,31,164.59
32897,19,57,308.16
22865,20,47,444.02
7499,20,58,444.06
40478,18,48,326.38
9433,20,42,374.01
13309,19,19,208.39
40208,18,86,625.3599999999999
47755,20,35,178.31
474,20,53,453.75
12480,21,39,306.49
11980,18,42,335.13
34065,21,11,125.56
16587,19,26,155.34
9436,18,41,386.69
49704,20,39,271.3
43059,20,33,151.16
30689,21,80,629.54
16568,20,19,90.25
15035,20,57,354.74
37171,19,65,386.78999999999996
49671,20,4,77.56
38225,19,19,86.36000000000001
15602,19,69,467.24
13782,20,45,403.08
49564,21,36,343.52
9984,21,56,419.37
32108,19,60,377.92999999999995
12648,21,26,239.49999999999997
46008,19,2,66.94
1595,19,55,366.84000000000003
49641,20,37,149.79000000000002
5269,21,79,559.74
26682,21,3,119.18
26495,20,49,204.10999999999999
44156,21,6,18.95
28539,18,26,221.63
40484,20,7,67.81
49919,18,52,230.51
37748,18,51,343.7
49949,21,6,216.45
29524,21,61,463.37
40883,20,93,675.2999999999998
4122,18,17,158.76999999999998
27001,18,30,233.85999999999999
26597,19,21,113.19
44058,19,43,249.33
37921,21,56,389.1
36618,21,50,291.73
23964,19,66,473.47
19984,19,22,155.74
3979,20,71,633.3499999999999
30189,19,74,524.77
35841,18,12,24.51
20804,21,35,303.44
37649,21,66,544.9
29475,19,37,341.28999999999996
13568,20,51,288.78999999999996
26143,18,31,288.78
28148,20,53,337.28
17019,18,58,288.42
16462,19,84,461.29
24227,20,46,210.55
49471,20,61,191.56
44732,19,51,311.45000000000005
25429,21,9,71.53999999999999
40555,21,79,349.17
4856,21,29,480.87
19458,19,27,284.61
1188,18,64,395.37
1536,20,43,396.08000000000004
26096,20,54,289.72
14029,19,20,139.06
18677,20,42,210.24
46724,19,28,179.39999999999998
43979,18,30,263.48
30575,21,15,98.03
48488,20,91,500.07
19072,20,42,128.91
38819,19,38,242.25
26531,21,36,342.16999999999996
47759,20,39,253.93
34005,19,33,233.39
47655,18,31,280.49
13253,20,29,159.5
16816,21,28,168.05
4798,19,47,376.56
303,20,43,217.23
11662,18,54,270.28
31696,20,41,380.54
49120,18,25,217.63
41143,21,37,121.07000000000001
9203,18,49,359.15
40895,21,52,316.33000000000004
5447,21,52,301.84
8090,20,57,241.84000000000003
11638,21,34,143.74
41695,20,23,270.25
22009,19,42,296.82
841,21,43,397.70000000000005
49037,19,30,361.02
28296,21,32,289.66
26037,18,51,268.90999999999997
40703,20,70,337.40999999999997
25046,19,37,308.85
41884,21,42,239.97000000000003
44933,21,56,493.30000000000007
4988,19,12,139.55
35637,19,48,299.39
30167,18,40,352.49
13960,18,20,195.62
40947,21,50,174.22000000000003
21568,19,51,275.81
15001,18,50,322.40999999999997
964,20,36,268.29
43127,21,79,353.51
19622,19,20,236.52
37229,20,39,182.56
38669,20,64,500.56000000000006
30053,19,74,386.09000000000003
47100,20,22,132.2
11064,21,57,382.58000000000004
12596,19,41,292.87
7642,21,20,63.93
16670,20,49,231.56
14730,20,54,388.63
47574,20,23,160.91
39,21,72,310.35
14983,20,37,286.86
45542,20,33,270.27
6476,21,37,183.39
19358,21,37,279.45
26395,19,43,259.71999999999997
42639,20,53,378.81
32968,18,52,554.73
29739,21,50,310.78
3587,20,52,331.94
33518,20,20,93.95
4524,21,31,140.4
49586,19,43,228.45999999999998
12721,21,25,250.14999999999998
38413,19,78,431.36
30840,21,66,521.4200000000001
26941,18,35,238.70999999999998
6188,19,49,394.93
33892,19,24,246.88
5932,19,38,337.22
40687,21,38,226.84
47873,21,39,277.90000000000003
8399,21,30,328.31
15083,21,41,138.04
27760,18,62,394.25
44657,20,52,341.66
25989,18,97,641.76
2710,20,102,552.2300000000001
18592,19,36,317.69999999999993
37673,20,43,206.42000000000002
6247,18,62,491.00000000000006
11219,19,32,292.66
34566,18,20,146.27
30626,18,43,267.92999999999995
48194,20,60,479.71999999999997
18340,19,34,226.92000000000002
42573,21,121,581.8000000000001
3198,20,42,247.51000000000002
22664,18,57,486.21000000000004
34957,19,76,571.5799999999999
8480,20,81,660.34
34145,20,21,141.12
35448,18,25,187.54
43257,21,54,416.70000000000005
2051,20,16,125.19
28400,19,51,268.39000000000004
41832,19,39,274.13
44587,18,29,248.49
41484,20,41,218.57
42415,18,39,260.22999999999996
18672,20,31,256.5
23171,18,42,177.80999999999997
12574,19,84,533.39
49008,18,29,149.67000000000002
2220,20,29,135.71
30320,19,27,230.19
3441,20,33,176.57
24238,19,42,197.09
19603,20,5,84.50999999999999
36153,19,40,284.59000000000003
7163,19,49,655.8
7033,18,10,114.43
3194,19,45,295.17
45663,21,29,181.25000000000003
11247,21,13,128.62
24938,19,32,230.35
17588,18,30,391.7
47930,18,37,239.52999999999997
27190,21,23,245.94
42325,20,49,333.02000000000004
29483,21,38,149.05999999999997
2639,20,75,454.46999999999997
6034,19,35,262.08000000000004
5924,21,39,300.25
4616,21,55,286.73
44027,21,42,334.2
3540,18,40,336.09999999999997
49718,19,57,463.75
46582,19,24,91.19
28207,21,12,232.79999999999998
12310,19,18,262.14
39651,18,24,258.62
38774,21,15,80.38
13315,20,64,361.3299999999999
11381,21,51,310.79
29578,21,57,316.37
102,19,47,462.46
31431,19,68,587.83
27185,20,55,301.23
16907,18,26,137.69
36081,18,32,212.32
14124,21,66,415.74
13876,20,40,267.14
29925,20,33,370.12
40462,20,50,390.55
41574,20,24,350.23
8915,21,17,166.27
46344,19,13,72.45
14828,18,10,171.85
21542,21,92,455.03000000000003
36209,20,23,169.73
13378,20,45,385.78
38402,21,61,488.49
31585,18,33,301.64
34096,21,83,466.4
38189,19,24,93.25
43443,21,16,144.37
42438,19,30,145.92000000000002
1927,18,5,74.53
9501,20,35,295.27
18544,18,68,530.21
34109,19,48,364.97
47240,18,65,299.01
22312,20,72,552.26
33392,19,33,271.76
42653,18,28,185.67000000000002
10615,21,19,153.07
44239,20,28,91.04
45985,20,52,269.78999999999996
23580,21,44,349.79
23411,21,23,79.18
25686,19,64,477.4200000000001
19551,21,17,435.29999999999995
49709,21,28,174.75
6951,20,29,217.96
38311,21,70,403.37
13527,21,13,85.6
47874,18,9,40.31
532,19,53,184.03
28729,21,25,290.44
34810,18,45,155.05
16459,18,70,405.84
9030,20,68,222.05
6226,20,86,557.26
41233,20,63,383.53999999999996
14186,18,42,454.97
19331,21,35,231.03
25130,21,62,410.06
8977,21,65,370.5
36807,20,31,184.11999999999998
10951,21,58,469.10999999999996
38773,21,51,398.32
27499,21,36,224.83999999999997
2442,18,62,419.92999999999995
17094,18,28,153.64
32090,19,37,176.86
24777,21,34,212.88
41656,20,69,489.44
18331,20,57,407.16
20693,21,34,311.98
25864,18,36,478.97
45293,19,36,236.15000000000003
23820,21,50,394.69
33159,20,69,308.63
12034,20,35,267.77
47040,18,24,122.66
16274,18,30,254.54
23725,19,86,617.35
32782,21,24,258.18
30299,19,16,74.87
38514,20,42,289.94000000000005
29177,21,71,387.97
8248,21,22,115.26
21856,20,10,159.91000000000003
41939,20,8,17.22
17112,20,33,271.96999999999997
15143,21,75,369.41999999999996
23311,21,24,155.48000000000002
11399,21,58,289.73999999999995
30691,21,81,458.52000000000004
49608,21,50,349.34
31728,19,59,212.08999999999997
12204,19,22,197.35000000000002
12988,21,43,301.4
17932,21,27,270.14
20961,20,53,312.02000000000004
38630,20,20,99.35
38002,21,44,249.41000000000003
785,21,33,298.84999999999997
19894,21,20,223.73000000000002
11303,18,60,550.24
23614,19,34,289.12
39731,21,58,434.31
22335,18,68,505.26
29186,21,24,151.99
6366,20,21,144.69
1499,18,28,110.81
5592,19,37,100.5
26206,18,35,161.87
22870,20,21,193.68
6348,20,55,342.44000000000005
40353,18,37,234.76
7507,21,71,262.48
10861,19,49,332.61
43613,19,64,469.7099999999999
21989,21,27,185.72000000000003
31347,18,50,348.40999999999997
40506,18,31,232.7
13134,18,19,149.61
27850,21,28,337.67999999999995
8500,19,82,439.75000000000006
23870,20,69,395.79
22333,18,29,290.96999999999997
48665,21,22,171.97
9569,21,53,320.95
12349,19,28,224.14
35543,18,40,257.78999999999996
5415,18,68,460.8
36954,19,80,717.79
22075,20,63,670.89
11185,19,39,184.89
37624,20,19,118.99
23124,21,33,208.78
41717,18,49,250.70000000000002
13709,18,29,134.17000000000002
42540,20,14,147.17000000000002
22877,18,29,189.21
39715,20,54,203.96
19594,18,21,101.81
29919,21,40,505.78000000000003
13434,21,39,208.97
34687,18,18,161.73000000000002
38398,21,47,312.32
7665,20,55,548.62
34451,19,35,155.23000000000002
26145,20,45,322.22
1892,18,22,310.91999999999996
36160,20,52,369.49
42686,20,30,206.32
5845,21,16,122.22
25699,21,34,265.57
6281,18,60,281.99
7157,18,41,272.83
2000,19,18,112.53
28264,21,50,300.7
20946,18,40,261.62
20018,21,54,210.89000000000001
48433,21,50,195.66
36548,19,45,324.33
33195,18,55,376.86
21142,20,17,96.61
42727,20,39,215.20000000000002
40793,19,32,142.82
25711,21,46,315.73
9004,21,51,391.41999999999996
6806,21,55,411.32
35499,20,47,306.33
3620,21,41,332.65
40909,18,54,125.63999999999999
24605,18,53,521.8199999999999
46334,18,25,168.57999999999998
39998,21,41,228.77
36184,21,35,259.39
36810,20,47,292.77
754,20,42,253.86
35200,20,26,169.2
36709,20,54,333.69
47137,21,44,248.0
25649,19,22,220.48000000000002
23092,19,23,40.45
39733,19,43,152.5
49707,18,24,230.88
47608,20,15,167.36
28404,20,31,437.46999999999997
20712,21,8,52.18
10595,19,44,341.93
1955,18,59,460.91999999999996
42966,21,19,140.78
28738,18,9,107.6
35458,21,50,319.69
30806,18,14,126.17
29719,20,32,184.16
41014,20,32,103.03999999999999
32764,20,13,277.15000000000003
19053,19,49,397.13
34991,20,27,128.3
47012,21,28,265.75
6769,19,65,237.32999999999998
46450,18,55,386.98
11866,20,15,22.56
12684,20,41,422.27
19546,19,30,197.39000000000001
6196,20,84,487.66999999999996
14679,21,42,255.69
19527,21,26,274.49
37967,21,15,133.70999999999998
23899,20,35,74.33
14498,21,29,224.20999999999998
1330,21,46,396.28000000000003
3766,20,52,464.58000000000004
46187,20,42,206.91
15197,21,24,130.71
33504,21,49,281.88
46010,20,72,404.4
48493,20,26,81.81
14882,21,59,250.47
49051,19,39,247.06
49734,21,37,255.76999999999998
8846,20,12,217.86
19406,21,34,315.57000000000005
38283,18,69,326.98
27480,18,52,305.21000000000004
26945,18,2,55.7
27870,21,42,244.13
49637,19,15,125.44999999999999
11848,19,46,393.37000000000006
46949,21,19,249.62999999999997
49422,20,67,341.42
17265,21,22,95.41
25703,19,42,379.05
22395,19,4,15.86
44918,19,37,324.66999999999996
34749,20,45,182.5
32762,18,63,281.17
36000,19,36,244.61999999999998
36211,19,30,205.8
17228,19,39,317.59
45384,20,38,310.73
21044,18,30,238.87
16340,20,84,498.37999999999994
4936,19,28,265.25
27866,20,26,149.57999999999998
15827,19,30,191.48
762,19,26,153.06
8398,21,24,190.02
13039,19,14,192.75
34524,20,62,384.32
36587,18,25,134.9
24092,18,46,261.03
32308,19,19,134.06
37354,21,54,424.37
46550,20,27,311.78999999999996
38789,18,12,144.5
22723,19,23,170.91
33078,21,32,258.71999999999997
8060,18,32,138.21
35106,19,15,66.03
36743,20,47,373.18000000000006
38906,21,37,324.44
3216,19,39,313.77
17983,19,19,221.04
48408,20,26,195.06
1443,18,59,357.65999999999997
6587,19,28,184.35000000000002
28707,21,33,335.03000000000003
20398,18,2,80.88
18563,18,27,184.52
7661,18,39,549.09
6981,20,65,405.90999999999997
36692,20,36,314.38
4975,20,11,56.82
8403,21,42,315.35
36330,20,60,336.78
23209,19,31,360.55
25329,20,15,308.55
18990,18,11,122.5
43545,19,13,114.85
37137,18,16,92.31
20534,20,33,185.94
47652,18,33,101.03999999999999
18380,19,6,55.29
20923,21,47,229.35
28697,18,20,134.81
47753,18,51,312.12
43510,19,50,195.02
11735,21,21,230.41000000000003
44823,20,39,423.44999999999993
33994,20,36,249.47
25618,21,41,200.56
28134,20,23,181.95
21471,20,30,306.01
518,18,30,256.72
30904,18,38,190.38
37880,20,36,338.09000000000003
48514,18,6,23.41
48949,19,38,177.14
23757,20,25,209.04000000000002
44726,19,43,245.84
6938,20,24,132.28
7699,21,48,354.06
16917,19,34,306.05999999999995
25905,21,26,52.18
49780,18,35,211.9
27529,18,97,750.97
32789,18,53,232.86
28596,20,21,89.38
27003,18,57,335.27000000000004
36059,20,13,99.13
175,21,47,364.85
20151,18,78,321.12
5870,19,59,354.19999999999993
37067,19,38,299.15999999999997
10770,19,16,99.57
6934,19,60,456.08
7551,18,39,206.07
4267,21,19,137.63
28049,20,13,218.75
23364,20,74,570.74
40808,19,37,273.5
41421,20,35,129.15
48786,19,34,191.13
17923,21,23,154.48000000000002
48678,18,41,298.84999999999997
3749,18,40,258.22
46445,18,77,357.7
40085,18,9,142.87
44513,18,50,255.13
35685,19,43,241.78999999999996
24647,19,53,331.45000000000005
46906,20,37,197.54
25678,20,17,186.29
14692,21,51,448.82
29889,18,47,291.03999999999996
46836,18,27,272.53
46065,19,45,353.78000000000003
7216,18,44,271.52000000000004
23993,19,19,224.35
5430,20,46,259.19
29342,20,19,218.24
39214,21,21,228.68
21266,20,41,420.35999999999996
3980,21,32,342.28999999999996
6792,18,51,255.58
19893,20,17,70.81
20889,19,92,601.02
35095,21,40,312.95
47299,19,26,263.87
21183,21,50,249.01999999999998
6129,19,48,251.57000000000002
38121,19,64,406.53
17592,19,42,312.41
35757,20,52,344.56
12394,20,44,313.89
22385,21,54,421.14
36268,19,5,44.71
37545,19,40,249.32999999999998
49918,21,43,288.84000000000003
25403,18,42,162.56
12599,20,13,105.9
20727,18,57,374.89
31473,20,18,203.17000000000002
12488,18,35,292.0
43961,20,19,233.75
9750,19,23,274.15
4087,19,10,78.84
36863,18,47,269.31
26041,20,12,76.69
9415,18,16,245.02
12012,21,38,162.9
10685,19,58,187.3
35596,21,57,283.61
40254,21,34,261.44
1702,21,27,138.91
4495,20,25,73.03999999999999
43925,21,9,51.59
37779,19,61,354.80999999999995
19734,20,73,435.95
24139,21,35,270.65
27784,20,44,451.59999999999997
35079,18,23,126.02
25045,20,28,262.28000000000003
2153,20,31,161.51
15596,21,39,311.40000000000003
27657,18,26,193.71000000000004
5405,20,36,192.70000000000002
23281,21,1,27.87
5722,20,10,111.00999999999999
16679,21,14,64.29
38746,18,64,244.16
17962,20,18,261.88
37640,18,40,231.87
19670,21,43,216.62
19166,19,59,203.17999999999998
2855,18,40,329.02
42476,18,77,390.73
2094,18,55,348.76000000000005
1322,19,30,161.06
21144,18,9,138.38
47087,19,53,316.41999999999996
10587,18,32,191.72
31465,21,66,281.12
36297,21,19,92.53
36073,21,30,326.43
45779,18,35,437.25
4603,20,68,413.80999999999995
32942,19,30,300.82
20030,18,41,272.86
12482,18,18,137.5
45452,19,37,294.96000000000004
4500,20,23,189.20000000000002
43025,19,19,256.09999999999997
19144,21,15,126.51
11587,19,18,78.4
24911,18,52,457.25999999999993
39074,20,58,415.1
10613,19,63,368.5
39571,21,58,629.13
951,19,22,207.54999999999998
4991,19,44,256.39
40383,18,40,248.42
24256,21,52,261.22
32698,20,18,190.35999999999999
20826,19,21,76.64
1465,18,28,166.32
42401,18,34,278.86
14550,18,47,125.49
18086,19,56,363.15
40411,21,31,244.53999999999996
4753,20,28,184.72
15642,21,46,312.95
47840,18,59,335.3
30533,19,33,219.68
45576,21,19,175.98000000000002
16373,19,74,501.79999999999995
14435,19,27,257.33
36249,20,23,216.37
18348,19,15,143.23000000000002
2129,19,35,292.38
15233,20,6,41.55
549,19,38,239.88
25662,18,26,226.17000000000002
23005,20,35,292.07
13906,20,40,262.9
8584,19,41,231.67000000000002
15941,19,89,499.68
40654,21,66,440.52
42898,21,47,321.68
13264,21,10,103.39
417,21,62,557.42
30960,18,13,139.45999999999998
45446,21,60,458.39000000000004
43591,20,17,59.339999999999996
24705,20,35,281.59
44947,20,41,331.31
23628,20,32,236.77999999999997
34959,18,14,91.35
31640,18,43,346.45
21803,20,43,293.3
12254,18,31,214.53999999999996
28157,18,55,482.54
28715,21,84,554.46
44417,19,45,367.68
19094,21,63,377.63
10422,19,47,348.35
11115,19,39,305.33
49464,20,55,332.39
44237,18,63,554.76
10687,19,55,498.95000000000005
30437,21,49,216.3
42769,21,28,148.52
29492,19,74,534.49
39842,18,54,304.94
37038,19,14,145.24
31667,21,11,90.85
29792,20,33,122.89
8709,19,25,134.26999999999998
44833,19,48,209.81
28487,21,3,102.67999999999999
23061,18,39,272.96999999999997
23857,18,36,200.89999999999998
13231,20,45,421.02
17044,19,34,134.47
39956,19,11,113.28
24623,20,28,176.99
42374,18,13,155.14
22682,18,35,238.22
641,18,47,311.57
42698,21,29,64.73
27303,19,23,140.79
9235,19,61,398.27
14984,20,44,238.56
42365,19,16,47.14
18484,21,18,271.32
36306,18,61,471.5199999999999
8774,18,11,239.94
30675,19,50,320.81000000000006
5536,19,25,242.07
27402,19,26,217.12
17745,18,49,266.86
42536,19,25,236.17
41522,20,20,71.13
9549,21,51,216.4
37794,19,51,362.71000000000004
2009,21,87,565.03
10482,19,29,172.57999999999998
48476,19,24,130.65
41468,19,58,363.79
1582,18,22,95.18
12763,19,25,316.4
40175,18,19,189.7
10070,19,18,110.85
20063,20,42,287.04999999999995
20318,18,53,341.1
5948,21,8,55.42
20387,20,62,278.48
43220,19,25,159.41
2666,18,33,259.25
32887,20,39,246.04000000000002
34797,21,55,321.48
35618,21,44,283.8
21627,20,59,366.28
17696,21,23,154.62
16042,19,38,234.69
36012,18,40,183.41
9594,20,27,431.38000000000005
2419,21,32,319.05
13845,20,51,359.15999999999997
18751,20,81,548.54
35265,21,38,85.02
27223,20,55,482.9
7003,21,34,233.67000000000002
34580,20,36,200.63
32921,21,16,179.25
26019,21,60,410.43000000000006
21325,20,35,209.49
38590,19,4,127.72999999999999
21181,20,47,316.36
10427,19,46,437.8499999999999
48715,18,30,84.69
9065,20,102,486.78000000000003
5015,20,29,171.93
15011,21,51,451.53999999999996
27571,21,15,108.80000000000001
3951,18,21,168.95999999999998
9402,18,12,251.54000000000002
19904,19,65,373.81000000000006
32878,21,31,332.21
13806,19,30,234.28
33227,21,29,327.14
44444,19,68,464.9
31533,20,15,230.29000000000002
38230,19,46,194.38000000000002
37729,19,12,94.07
21495,19,77,633.39
6866,18,52,228.55
39184,20,36,323.33000000000004
32113,21,8,244.87
15430,21,48,299.65
16897,20,31,303.90999999999997
15645,20,41,320.15999999999997
29216,18,47,243.47999999999996
18760,20,49,276.85
12283,20,16,89.68
49235,21,44,291.09
31266,18,40,142.10999999999999
46527,18,48,422.48
28436,21,59,329.2
49986,19,40,257.64
27291,18,2,78.36
39881,18,22,255.25
11306,21,60,429.81
23642,18,14,172.12
18547,21,46,418.65999999999997
36535,18,28,248.65
38745,18,28,357.65000000000003
2866,20,39,241.49
11293,18,34,337.77
35508,18,36,360.40000000000003
18296,21,53,300.09000000000003
42043,21,11,244.63000000000002
39084,19,69,417.21000000000004
38491,19,41,295.79999999999995
14081,19,45,319.41
16891,21,37,259.02
28684,21,24,148.39
32585,21,15,135.05
32143,21,31,155.65
1429,20,34,210.84
46239,18,36,224.79
17467,21,14,40.38
23330,18,81,647.8100000000001
16336,19,20,269.6
36911,20,36,159.26
4640,19,31,243.91
48758,19,39,226.01000000000002
49567,21,20,344.51
34753,20,23,231.4
7515,18,4,61.07
32920,20,69,269.8
15875,20,19,212.20999999999998
29950,19,1,41.31
2091,21,16,198.32
26695,20,13,166.27
6790,18,55,345.70000000000005
45614,20,56,420.69
26307,21,16,194.79
21850,18,52,277.74
12675,20,23,150.23
8417,21,40,411.16999999999996
25824,18,29,216.79999999999998
39723,19,25,137.73
46826,21,34,161.8
23885,19,27,209.48000000000002
12610,21,49,324.92999999999995
12117,20,58,569.0
6278,19,30,253.48
24620,21,39,238.86
49165,18,53,393.90000000000003
36758,19,15,130.48999999999998
27168,20,35,235.32
34526,18,30,151.4
1138,20,51,467.09000000000003
13703,20,13,178.22
1746,20,38,290.7
2703,20,29,244.87
3359,18,36,141.04999999999998
8402,18,41,283.66
5601,21,11,185.5
41278,18,11,212.18
25332,19,28,298.82
40457,18,31,122.93
22547,19,34,338.5
32895,21,41,148.91
37685,19,47,311.26
4353,19,11,39.85
40494,20,32,196.96
24140,18,56,374.51
45338,21,38,177.14000000000001
24380,19,15,291.85999999999996
35004,19,58,430.13
27653,21,46,289.49
1658,21,5,40.92
16470,20,10,80.02
44442,21,18,179.04000000000002
18673,19,37,215.25
11817,18,25,344.45
39588,19,24,192.11
30931,18,11,166.95999999999998
3308,18,36,211.05
33860,18,13,241.88000000000002
23595,21,41,264.79999999999995
14450,19,11,102.19
26303,19,51,244.73000000000002
47893,19,16,164.69
9494,21,4,42.37
48465,18,31,98.3
3885,20,39,405.31
33206,19,28,102.42999999999999
974,21,28,315.73
11120,18,15,104.69999999999999
25178,20,62,408.21000000000004
42017,20,22,167.79
28796,20,15,180.29999999999998
1029,19,22,228.0
44769,19,14,37.68
6519,21,20,201.93
12713,18,47,269.05
44854,18,27,186.58
15274,18,40,363.15000000000003
36916,18,49,250.62
46086,19,30,217.76999999999998
25348,20,70,359.29999999999995
18848,19,50,238.35000000000002
44952,19,41,117.03999999999999
17125,20,15,88.95
6045,19,19,60.12
46551,19,29,261.01
35343,20,6,81.7
42360,18,74,468.94000000000005
40826,20,66,414.06
17025,19,6,91.81
18593,19,36,147.79
25243,19,20,109.75
16173,18,22,184.65
21784,20,32,203.85
24150,21,53,378.84999999999997
9704,21,28,112.01
905,19,37,102.59
27416,20,39,309.34000000000003
34061,20,45,237.38
18794,18,44,345.13
42441,20,46,364.59999999999997
4116,20,40,451.83
4577,21,23,104.0
46716,18,61,298.43999999999994
24895,18,14,148.26
16046,18,53,340.23
15820,20,6,54.5
22370,21,36,184.29000000000002
48993,20,32,225.36
16231,19,15,288.7
7243,19,60,404.84999999999997
270,21,19,181.03
35999,20,29,156.45000000000002
36021,20,57,349.94000000000005
8370,21,7,86.54
49612,18,22,211.63000000000002
34251,21,64,371.26
29317,18,65,375.71999999999997
20970,18,26,231.86
26536,21,37,326.59
37573,20,39,446.77
36912,19,19,151.5
6438,20,18,218.79999999999998
44924,19,44,230.0
29058,19,41,174.82
45361,21,61,486.93
43027,18,38,288.32
49474,19,11,127.72999999999999
3147,20,65,299.57000000000005
24364,21,23,58.989999999999995
5888,21,47,477.27000000000004
44746,21,36,118.49000000000001
25057,21,34,173.49
35250,21,44,226.86
2119,20,31,191.78
29221,20,19,221.06
615,21,22,278.26
31411,18,20,123.17000000000002
45242,19,44,249.43
15489,21,37,258.07
46522,18,39,372.85
11020,18,25,182.97
26539,18,56,412.52000000000004
45750,20,38,235.73
25809,19,25,238.09
48071,18,47,282.62
45928,19,39,312.11
24583,19,7,96.51
21013,21,28,123.55000000000001
35031,18,50,312.41
3828,21,44,226.91000000000003
42086,21,14,93.33
27880,19,39,157.78
24101,19,44,443.85
19928,21,31,248.49
18160,20,56,568.56
36501,19,40,242.47
10777,21,53,349.14
48930,18,16,109.47
5568,18,16,110.77000000000001
42539,21,38,220.5
47532,20,7,96.72
49103,20,52,276.44000000000005
6379,21,16,147.32999999999998
42897,18,58,377.43
21178,18,34,173.25
23029,21,43,207.82
44884,21,31,120.47999999999999
35235,19,24,140.48000000000002
30585,21,73,398.92999999999995
15621,21,51,305.04999999999995
38807,18,41,201.28
7914,18,43,165.89
29423,20,19,102.61
7944,18,35,337.98
20845,20,7,79.5
17856,19,15,63.94
21411,18,78,383.74
21488,20,37,266.45000000000005
47613,20,29,303.39
33839,21,33,269.44
36412,18,33,241.38
32351,19,32,198.07
16032,18,29,120.68
9288,21,14,168.47
44822,18,20,58.15
4572,18,38,429.48
1040,20,32,148.22
40167,20,37,279.84
48538,21,42,512.93
35992,21,16,63.86
26156,20,44,284.64
11044,19,35,274.88
31400,18,13,125.51
32268,21,18,188.29000000000002
2126,21,13,130.76
16664,18,18,183.06
36900,19,25,146.9
39392,19,11,26.95
11789,19,29,108.97
7242,20,31,226.23000000000002
17087,18,5,124.37
33240,19,14,71.0
36344,18,39,353.47
18531,19,24,193.64
38409,20,12,185.87
42417,18,70,330.09000000000003
25648,18,37,230.37
20182,21,10,186.44
31943,21,42,200.83
111,20,44,321.61
38391,18,36,182.26
43563,18,34,248.34
26860,19,35,95.27
2436,20,37,72.22
17722,20,45,275.19
13489,19,28,192.26
42985,19,28,160.79000000000002
40551,21,38,352.95
740,18,20,152.18
42119,18,32,174.82
37351,20,51,394.87
45335,19,27,220.69
6970,20,44,274.31
16698,21,19,118.98
24019,20,77,408.74
43764,20,45,230.91000000000003
16549,19,47,375.12
20924,19,26,266.97
40790,18,30,118.53
573,18,15,128.36
48737,19,32,176.23
33571,20,18,316.21
14813,20,54,258.24
34276,20,43,231.31
6230,20,29,383.74
49154,21,17,335.1
15927,18,17,112.19
34349,19,37,246.93
28927,21,53,329.29
35114,18,45,461.68
29678,21,28,298.26
20625,19,30,170.62
29843,21,28,228.01
9616,20,6,149.11
21566,20,35,227.13
14539,19,33,131.56
45345,20,21,240.89999999999998
3440,18,14,149.1
18589,19,19,123.15
43152,18,5,103.77000000000001
1438,19,63,376.68999999999994
18005,19,21,103.47
8547,20,33,192.77
47257,18,25,292.08000000000004
35872,21,1,59.26
20934,19,21,168.81
15823,19,20,104.11
13776,20,58,254.79999999999998
5171,20,45,271.06
961,19,42,199.99
17779,18,61,364.17
38156,21,23,102.66
14577,20,42,407.15999999999997
46095,19,37,277.77000000000004
36128,18,22,169.54
33847,21,21,229.56
22678,18,28,188.73000000000002
9795,20,16,64.89
30880,19,45,341.39
34727,20,40,292.66999999999996
29344,21,58,423.49000000000007
40537,19,32,197.6
9083,19,35,181.04000000000002
17135,18,37,378.53999999999996
17994,20,24,171.14
6952,18,53,398.38
28295,21,11,171.95999999999998
24277,19,15,129.7
2575,21,34,220.25
23812,18,39,367.26
3729,20,37,270.98
40465,21,38,332.14
49952,18,51,427.24
19194,18,12,187.31
23210,21,69,304.10999999999996
16612,20,18,264.34
49430,18,4,76.32
18933,18,27,219.18
26217,19,31,208.10999999999999
6026,18,42,350.11999999999995
6922,21,29,254.04000000000002
45657,19,56,286.37
24146,18,25,136.26
16230,19,25,75.96000000000001
11176,18,64,417.61
2602,20,40,341.25
21444,20,73,395.45000000000005
8426,21,18,97.41999999999999
42629,19,5,19.17
38874,18,26,168.64
15922,19,19,313.84000000000003
39403,20,35,167.36999999999998
9146,20,80,414.04
27404,19,44,326.79999999999995
47764,19,17,207.29000000000002
14505,21,19,313.86
49172,21,49,235.74
3743,19,53,447.44
11922,21,22,250.99
35416,18,25,365.77000000000004
47222,18,61,340.57
38821,20,34,374.53
39611,19,8,188.16
28767,18,76,366.91
39692,18,20,298.19
8537,20,46,315.05
3616,19,39,209.62
4083,19,32,387.46000000000004
9264,21,60,385.52
33575,18,10,132.14000000000001
49764,18,41,238.16
17315,21,8,98.6
4001,21,53,397.15
44626,19,24,255.81
20470,18,31,246.99
4929,20,46,191.80999999999997
3166,18,33,218.12
46554,19,17,116.03
40395,18,49,457.89
26861,21,39,387.3
7933,20,68,495.65
20670,21,37,250.23
11027,18,30,207.07
606,21,64,378.12
11072,19,49,256.35
36861,19,29,121.17
49073,19,26,267.48
18037,18,6,85.64
35605,20,22,130.57
47306,19,10,63.36
43547,18,30,416.88
25507,18,42,165.27999999999997
5625,18,61,396.88000000000005
15092,21,20,153.26
1941,21,27,214.68
28835,19,25,183.93
2663,19,50,271.44
43452,19,37,379.24
18214,18,40,305.13
13167,18,12,177.25
9684,19,48,234.53000000000003
26123,21,31,297.46999999999997
33166,18,12,35.71
31890,20,48,226.29000000000002
2793,19,44,198.3
30940,21,58,435.78000000000003
46432,18,16,106.41999999999999
15390,21,32,261.1
28921,21,58,322.3
14957,21,26,85.83
16749,18,30,255.34
1885,21,43,325.1
21263,19,13,128.82999999999998
38424,21,42,128.09
19695,21,53,349.83
953,20,25,144.69000000000003
43020,18,41,212.39999999999998
14213,18,27,70.72999999999999
42758,19,40,263.87
3025,21,19,241.53
28222,19,34,181.31
49288,18,43,424.49
2503,20,40,270.82000000000005
15314,19,19,149.53
33188,21,31,194.27
1046,20,27,106.44
23035,20,17,98.97
36926,21,35,299.35
201,19,26,262.46000000000004
38749,18,29,232.31000000000003
30426,19,16,166.48999999999998
41560,18,34,172.67000000000002
27508,21,33,101.00999999999999
15499,20,23,218.58
32696,21,31,223.75
19030,19,34,222.75
2624,19,21,80.86999999999999
21147,20,21,100.51
12640,21,52,484.35
22475,19,47,405.13
13130,19,60,345.11
4588,18,23,172.60999999999999
47412,21,14,85.31
30838,19,64,551.53
358,18,36,273.31
7921,18,11,104.94
13860,20,19,221.81
2570,18,14,136.59
16074,21,28,212.64999999999998
39409,21,18,148.9
28758,20,43,202.66
29030,21,62,250.99
46184,18,55,290.09000000000003
5582,18,6,114.57000000000001
7449,20,6,29.42
819,20,13,251.75
33223,20,28,194.13
28727,21,19,150.12
626,18,69,381.39
4512,18,36,235.62
45275,21,11,117.14
24625,18,53,309.82
6647,20,23,175.35
47301,19,22,170.98000000000002
13831,19,22,142.39
42548,20,42,177.02
17163,18,18,239.99
12688,18,15,112.19
12765,20,22,236.53
21804,20,36,171.98999999999998
46291,18,31,208.06
12106,19,30,229.60000000000002
36523,18,57,315.28
28402,20,29,166.0
21518,21,5,53.15
31987,19,12,50.47
19654,20,16,97.38
49837,21,28,130.84
17036,18,57,285.16
14056,19,12,16.42
19750,19,9,51.29
43100,21,24,145.34
25389,21,12,217.88
46420,19,38,221.17999999999998
23177,20,65,392.95000000000005
26350,19,24,91.06
19515,19,47,301.85
1945,20,37,184.95999999999998
15637,18,40,239.26000000000002
24995,18,56,459.90000000000003
33079,18,69,437.69999999999993
47409,18,49,178.65
1902,18,51,350.49
38878,19,17,147.02
2437,19,19,201.8
24815,18,13,66.59
5292,20,35,198.98
4570,21,14,236.46
37781,18,6,100.94
6239,19,22,272.99
47546,19,33,212.19
34242,20,31,307.91
27196,19,78,250.97
751,19,52,320.54999999999995
36397,18,6,73.43
26943,19,15,99.54
7084,20,41,320.35
26841,20,34,225.74
47438,19,20,265.04
37664,18,28,243.79
43991,19,18,170.87
22639,19,10,67.03
32794,20,15,103.99
5089,19,27,165.61
7158,20,52,209.53000000000003
2395,20,53,485.15
2116,20,4,155.08
32824,21,24,158.99
21062,21,16,128.56
26989,21,52,201.06
27986,19,8,72.78
32909,21,30,247.73000000000002
18014,19,40,283.23
34819,20,43,346.37
37757,21,19,117.47
43944,20,41,364.15
16849,21,33,153.16
34640,19,3,33.03
45600,20,23,101.13
5187,18,46,302.64
39033,21,23,206.29
23791,18,35,249.31
35925,21,22,187.9
12843,20,29,117.01
33139,21,41,218.76000000000002
17731,21,13,25.62
2773,18,14,112.75
49917,19,46,372.39
12681,19,13,96.49
4832,18,52,443.7
44518,19,15,72.96
11375,19,28,194.92000000000002
18847,18,13,145.49
3674,20,26,146.65
9889,21,26,135.92000000000002
25559,19,14,167.26
8525,18,24,206.87
35122,18,10,75.56
10946,21,34,398.63000000000005
220,20,49,291.78999999999996
28080,21,10,118.35
26377,18,25,146.53
6382,19,19,117.37
11144,19,50,252.23
9109,18,26,94.22
6757,18,21,115.29
37438,21,14,132.79
4269,19,6,73.82
21286,18,57,455.79
2114,21,21,78.53
33445,20,10,59.21
21730,21,19,130.41
39134,18,8,100.58
40761,18,37,260.47
28127,20,42,327.78000000000003
27620,19,44,181.4
46204,18,43,249.14
7995,20,20,101.5
15943,21,43,230.05
43494,20,26,117.41
34570,18,36,203.57999999999998
6720,20,71,454.62
44977,18,10,149.42
31953,18,32,279.69
33486,19,23,115.1
18239,20,20,250.28
24020,21,49,224.07
9363,19,48,342.31
414,21,58,269.96999999999997
39163,21,7,52.04
6708,20,33,349.07
6578,21,36,138.55
31449,20,13,223.82
4675,20,20,142.94
16547,18,17,204.04000000000002
11262,18,50,240.11
31960,19,31,337.56
32862,21,29,224.74
10707,19,14,116.28
10220,19,14,39.85
27868,18,51,177.43
14497,18,27,165.68
24300,19,48,209.37
23965,18,41,306.39
42418,21,22,274.06
40012,21,34,232.67999999999998
46459,18,20,162.06
10933,20,21,128.61
1166,20,41,269.55
42538,21,16,113.62
49382,21,33,149.8
33369,20,26,110.8
39097,18,60,265.5
18049,20,20,126.68
24892,18,26,220.51999999999998
20542,18,28,142.7
43771,20,23,127.64999999999999
24610,21,37,213.15
41193,21,19,324.7
31537,21,29,237.16000000000003
16247,19,24,155.4
19841,19,27,279.16999999999996
11439,18,19,202.68
31138,21,4,29.38
17226,18,16,92.09
7658,18,19,94.87
13387,19,55,274.63
33341,18,31,132.01
21108,21,35,251.51
17652,18,16,158.29000000000002
17088,18,14,129.24
6221,19,43,113.96
8389,20,53,298.77
41894,19,67,499.9
48623,20,20,225.77
10656,19,32,235.23999999999998
1449,19,15,113.22
47640,19,24,152.37
5895,20,20,212.01
14942,18,9,78.66
8879,19,37,415.21
6616,19,46,292.35
10877,19,37,160.22
30136,21,26,159.82999999999998
37261,19,37,255.86
31733,21,13,88.67
39721,18,54,319.98999999999995
34805,21,5,59.61
23853,21,14,149.23
23478,19,18,144.07999999999998
16235,19,39,148.75
11442,21,38,220.84
27626,20,24,164.97
34467,20,34,225.92999999999998
18825,21,33,205.76
47804,19,52,323.52
12816,18,7,38.98
3532,21,22,243.95000000000002
46738,18,23,301.89
9719,18,36,348.8
38588,19,42,222.4
39334,21,25,178.38
22998,18,29,325.89
41810,20,16,133.91
16254,21,28,138.0
23239,21,25,174.24
19952,21,33,299.71000000000004
5647,21,18,124.41999999999999
42674,20,22,269.1
29822,19,26,218.89000000000001
30639,20,29,188.67000000000002
32577,21,11,89.09
7588,19,63,323.09999999999997
26366,20,19,282.87
2174,18,1,45.07
17359,20,26,116.47999999999999
41821,20,63,404.28999999999996
30247,20,36,283.83
47797,19,38,350.74
22557,19,50,250.0
45339,18,13,103.91
17811,20,42,302.22
1795,19,39,239.08
49963,21,21,138.68
37294,20,26,310.38
26833,20,73,419.70000000000005
49195,19,19,127.45
36524,21,23,186.32999999999998
952,21,27,169.88
28709,20,47,297.96
1959,20,15,71.89
22988,18,24,133.73000000000002
15600,19,50,293.62
47747,18,33,210.12
31228,20,14,36.980000000000004
45615,21,31,137.48999999999998
18381,18,38,313.05
20600,20,62,334.20000000000005
6332,18,22,232.61999999999998
38942,18,60,319.90999999999997
3362,20,27,98.06
21166,20,76,393.96000000000004
12776,19,29,336.19000000000005
41462,21,44,227.1
20113,20,57,390.87
9953,18,5,59.21
36873,21,11,51.88
24567,21,41,283.97
24451,18,34,211.32999999999998
4874,18,6,26.26
38310,20,11,175.04000000000002
13481,21,2,59.01
2610,19,38,336.91
8411,18,26,257.84999999999997
7803,20,44,210.58
28377,21,36,251.27999999999997
12991,18,6,100.63
41795,19,14,128.97
1774,19,3,98.23
15303,20,52,206.55
20082,21,23,155.13
33471,18,14,84.71
43106,20,30,325.44
46722,21,32,302.5
39840,19,13,63.260000000000005
8157,18,15,189.46
13543,18,40,274.59
18033,19,44,257.26
15548,18,42,300.17999999999995
12289,19,53,321.72
14669,21,61,381.55
31157,21,11,82.86
18312,19,9,138.95
31497,18,11,107.11
3069,21,19,92.92
40267,18,35,157.71
618,20,7,71.32
43798,18,34,163.17
24877,18,43,204.84
3179,18,42,145.92000000000002
4772,18,13,45.59
5046,21,33,136.98000000000002
19247,20,16,149.58
12172,21,23,91.80000000000001
39053,18,39,175.25
44942,18,33,273.84
5821,21,45,313.15999999999997
32851,20,60,433.9
19092,20,43,304.96999999999997
11181,18,42,123.89
4302,18,28,235.35000000000002
44428,21,21,156.04
48092,18,7,48.26
48119,21,28,148.52
30075,20,50,271.88
34076,21,32,189.37
15411,20,27,222.60000000000002
28200,20,25,180.64999999999998
11478,18,13,47.32
48762,21,34,380.64
30977,19,11,140.06
14157,20,34,191.69
12630,18,36,158.35999999999999
25386,20,19,144.26999999999998
21136,21,25,206.03
48582,18,16,106.18
22398,19,58,414.04
10341,18,44,226.65
10955,20,10,99.21000000000001
25756,21,20,104.83000000000001
7114,18,12,110.62
33204,21,85,513.04
27163,20,31,295.76
25231,19,31,198.38
48865,20,13,10.15
14,19,18,207.54999999999998
23115,19,15,36.18
36149,20,44,221.4
29982,20,22,217.01999999999998
22934,19,1,50.38
22344,18,23,159.61
37985,18,9,94.28
19528,20,23,179.75
16605,21,23,85.35
6469,19,7,69.85
22597,18,61,224.98
32673,19,19,52.31
43565,21,41,193.69
37775,20,27,172.15
11844,19,14,112.95
32819,20,15,28.720000000000002
49159,20,22,141.55
24960,19,59,291.48
275,18,12,18.69
21131,18,21,192.14000000000001
41969,18,23,252.45000000000002
32922,21,29,150.99
43671,18,20,113.17
30536,19,14,103.53999999999999
46547,21,18,187.82
38671,18,19,80.51
37714,21,25,222.13
28582,21,49,394.01
34468,18,51,284.2
45973,21,22,95.86
33663,18,16,169.02
33837,19,7,30.42
39199,20,11,72.61
6284,21,44,388.06
5058,21,40,333.33
3186,18,18,129.89
1454,20,13,50.29
18012,19,17,225.56
19097,21,30,142.38
34387,18,39,203.83999999999997
46069,21,41,260.4
6579,18,15,120.64000000000001
27330,21,5,88.34
13967,18,27,168.22000000000003
3276,18,15,122.49000000000001
44867,18,22,164.10000000000002
7343,19,31,280.40000000000003
28517,18,29,148.69
19684,18,7,93.91
18491,19,43,284.94
23923,20,8,65.46
33989,21,6,124.68
11167,20,27,133.75
39407,18,13,81.71
37345,21,29,217.48
33591,21,12,26.63
33375,18,12,69.14
28360,21,31,148.97
36534,21,55,367.61
19163,21,43,151.87
25517,19,65,341.28999999999996
10051,21,5,90.22
27487,20,8,67.96
29014,18,27,227.91
34912,19,35,177.51
32180,21,37,251.62
43588,18,15,21.32
38144,20,41,172.45000000000002
9277,18,8,33.55
28408,21,14,182.57
38282,19,26,115.32
17554,19,6,33.88
10401,21,19,53.86
12424,19,14,120.28
8710,19,19,193.63
22989,18,6,217.89
26251,21,8,77.82
3277,18,23,179.53
680,19,27,225.2
1361,21,21,226.06
17640,20,29,246.22
44928,21,14,198.32999999999998
23149,20,12,84.07
49812,18,5,94.72
17651,21,12,95.16
49178,20,38,178.17999999999998
37636,20,17,80.0
18284,20,29,189.44
16525,20,18,119.09
17484,20,21,167.66000000000003
46841,18,11,35.39
42867,20,19,80.59
30609,20,32,237.69
23506,18,17,95.5
5693,20,12,144.75
33032,20,17,66.37
30688,21,24,196.95999999999998
10090,21,19,206.74
3922,18,24,220.70999999999998
23401,20,15,57.34
9246,20,29,245.75
44781,18,12,111.82000000000001
12319,20,2,35.31
38317,18,26,157.88
26190,21,21,122.39999999999999
21544,19,44,389.36
27749,19,20,55.83
4475,20,17,159.01
34808,20,7,74.5
45469,18,5,10.83
45771,19,8,93.2
34028,21,20,88.67
29996,21,2,108.63
17664,19,33,168.24
31582,19,7,53.400000000000006
34879,19,11,49.01
44605,20,14,25.84
36431,21,14,69.74
31115,21,14,23.41
7373,19,25,165.75
34281,20,4,11.33
1018,20,1,88.18
16494,19,10,108.25999999999999
14613,19,9,19.27
26317,19,4,43.99
28542,21,7,79.92
31662,18,34,217.43
13078,20,10,29.3
10036,21,12,119.19999999999999
45921,18,9,28.38
20276,18,15,31.71
1252,18,19,63.33
15008,21,15,36.72
13828,18,10,28.64
32646,18,9,49.76
39384,21,31,235.29999999999998
35797,18,5,122.32999999999998
24971,21,12,64.06
17493,20,14,44.93
32726,21,11,31.62
29614,19,19,153.95
21581,19,1,97.99
3246,21,2,34.26
14379,21,1,68.37
9592,19,14,59.66
18147,20,13,21.23
32955,20,16,148.34
44029,20,13,88.68
43266,21,20,96.38
